타룬_Tarun,BDA,10631,10911
Savanah 😼,BDA,10631,10269
선결,BDA,10632,10097
앙증 악마 😈,BDA,10632,10026
DORAYME,WWW,10627,9890
Ditto 💥,BDA,10632,9706
Yamato,WWW,10627,9636
V,WWW,10626,9568
I S S U E,BDA,10632,9499
MinnyMinny,WWW,10627,9499
BTS,BDA,10631,9464
____SIMB\u00c3O 	,WWW,10626,9441
크크큭_kkkk,BDA,10632,9384
맛돼지_Pig,BDA,10632,9315
ArcDevil,BDA,10632,9246
Hoshi,BDA,10632,9246
신세계,BDA,10632,9210
맥꼬날드 	,BDA,10632,9039
청월_Blue,BDA,10632,8993
kh\u00e9o b\u00e1nh,WWW,10627,8970
👀Ver C\u1eadn,WWW,10626,8970
BNL,FML,10627,8970
🌈초밥씽 	,BDA,10632,8901
이얍_Yah,BDA,10631,8866
악동_Dash,BDA,10632,8832
Firexx,FML,10626,8763
อ小太陽β,WWW,10627,8763
3 B\u00edch 	,WWW,10626,8694
Beer 	,WWW,10626,8659
痞痞,WWW,10627,8648
Ari,BDA,10632,8625
\u0110\u1eadu Ph\u1ed9ng,FML,10627,8625
LAM,BDA,10632,8590
붕붕_BoOng,BDA,10632,8556
✨JAV\u016b✨,WWW,10627,8280
Eric \u0110en,WWW,10627,8175
붐밋_Boomit,BDA,10631,8096
Maybach,WWW,10627,8038
🦛?B\u1eafp,FML,10626,8004
Emmi,WWW,10626,7969
Kiwi 🥝,FML,10627,7935
RJ slime 🔥,BDA,10632,7866
훈라이🔎,BDA,10632,7843
Kent,KOR,10624,7797
H\u00e0 Kute ⚛️,WWW,10626,7728
rocker 🎸초리,BDA,10632,7496
NeymarJR,WWW,10627,7462
웅이 YE,KOR,10624,7452
🍀홍구마 🍠,BDA,10632,7314
TR\u00c0 S\u1eeeA,WWW,10626,7314
Cynthia 💕,WWW,10626,7279
WaBi,BDA,10632,7268
🦉,WWW,10626,7176
T*A*%*K\u0104,WWW,10626,6968
TitanPanda,KOR,10624,6830
사랑이란멜로는없어,BDA,10631,6792
XIA 에겐밤 🔵,BDA,10632,6762
Ares,KOR,10623,6624
Ốc leo c\u00e2y,FML,10627,6486
Pork Belly,WWW,10627,6485
\u0110\u1eadu,BDA,10632,6481
Panda 🐾,FML,10627,6141
Kutsuru,WWW,10626,6141
• Saint •,WWW,10626,6105
ρωιιииу 〰,WWW,10627,6003
DoDo,BDA,10632,5957
TYM3R,WWW,10627,5927
Dove,BDA,10632,5865
🐒Khi M\u1eadp,WWW,10626,5865
Vermouth,BDA,10632,5865
Yua_Mikami,FML,10627,5830
🦛?B\u00f2,FML,10627,5795
Ti\u1ebfp b\u01b0\u1edbc,WWW,10626,5691
MH,WWW,10627,5685
백정,KOR,10623,5658
阿貓,WWW,10626,5657
자하HAHA,BDA,10632,5520
Bi B\u1ea7u B\u00ed,WWW,10626,5441
아엔 사랑_N,BDA,10632,5409
Chick 🌸,WWW,10627,5382
_jojo_,FML,10627,5313
SoNG🐡KU77,WWW,10626,5310
Mamutto,WWW,10626,5251
🌈어쩔식빵 🧊,BDA,10632,5244
T\u00f4m x\u00f9 🍤,WWW,10627,5243
소금크로와상,BDA,10632,5236
알레리카 🫑,BDA,10632,5175
Anubis,BDA,10632,5174
L\u00eau L\u00eau 🪺,WWW,10627,5106
Ch\u00e2u Hy,FML,10627,5106
ONE,KOR,10623,5104
Ryu,WWW,10627,5073
DP 🔲,KOR,10624,5037
🔥효녀카도 🥑,BDA,10632,5037
Hammy,KOR,10624,4997
🐴랑카우 🐮,BDA,10632,4964
미숫가루 Tea,BDA,10632,4960
Icexx,FML,10627,4903
Tony shark,FML,10627,4834
트이,BDA,10632,4725
ThienSuRet,FML,10627,4692
Ch\u00f4m Ch\u00f4m,FML,10627,4692
노는놈,KOR,10624,4621
💜Kana💜,WWW,10627,4613
Gioggio99,WWW,10627,4552
🦴상처난행감자 🥔,BDA,10632,4508
💜かすん💜🍓,WWW,10626,4416
Ryup,KOR,10624,4414
希希,WWW,10627,4378
_W1_,FML,10626,4347
Isewon,KOR,10624,4324
FOXX,WWW,10626,4324
RyanNguyen,FML,10627,4274
T\u016bn Cherry,WWW,10626,4248
Shen,WWW,10627,4209
구름에간흰달,BDA,10631,4173
Juggzy,BDA,10632,4172
Nh\u1edb Em,KOR,10623,4119
아림승주,BDA,10632,4104
마음의검,BDA,10631,4071
럭비마왕,BDA,10632,4070
삼궁오궁_3959,BDA,10632,4002
Giang12,BDA,10631,3985
Ant,WWW,10626,3933
🐦꿍따콩 🧶,BDA,10632,3861
독거남,BDA,10632,3860
수박이,KOR,10623,3829
Bao,BDA,10632,3829
A9999💜,FML,10627,3825
대무신왕,KOR,10624,3825
🔉,WWW,10627,3794
Lory,WWW,10626,3726
H\u1eb9 h\u1eb9,FML,10627,3724
Kochanka96,WWW,10627,3690
🌸Miu🌸,BDA,10632,3657
Joe 🐰,KOR,10623,3657
yulzjr,KOR,10624,3653
devil,WWW,10627,3621
옆집아재,KOR,10623,3588
이로도리,BDA,10631,3413
AnhTu\u1ea5n,WWW,10627,3381
자바리파커,KOR,10623,3364
BinzKa,WWW,10626,3312
⬜ ~°•࿐小柳ནཾ°•~ ⬜,WWW,10627,3312
ⓔⓜJayJayऊ,BDA,10632,3312
Dior ✨,WWW,10626,3312
🍪호두과자🥣,BDA,10632,3311
TJ,BDA,10632,3310
Hime 🦋,FML,10627,3309
Format,WWW,10627,3309
유월,BDA,10631,3289
짱규님,KOR,10623,3276
Vi\u1ec7t C\u01b0\u1eddng,FML,10627,3243
何必\u554f,WWW,10626,3240
xSky,WWW,10626,3208
Spirit,WWW,10626,3208
추브으리_choov,BDA,10632,3205
Ninh An,WWW,10626,3171
Ishizuku,KOR,10623,3171
Annie,BDA,10632,3170
오리탕후루,BDA,10632,3169
SOM,BDA,10632,3013
X\u00f9 \u03a9 🔲,FML,10627,3002
그루 GR,BDA,10632,2999
mimi,BDA,10632,2999
Hyang 🌻,FML,10627,2971
Aster 👻,WWW,10626,2898
sinfulsuru,WWW,10626,2898
Pelican,WWW,10626,2898
Ajay Dani,WWW,10626,2894
JainaStark,FML,10627,2881
Sen \u01a0i,FML,10627,2876
Zenny 🪺,FML,10627,2829
Qu\u1ef3nhTh\u01b0',FML,10627,2829
奶\u7926\u6cc9\u6c34,WWW,10626,2829
Trinity+🔲,KOR,10624,2827
ROKMC,KOR,10623,2789
X\u039bn D\u039eR,WWW,10626,2760
ToanG,FML,10627,2746
xekojimmy,WWW,10626,2724
Bigas,BDA,10632,2691
🌬️\u00e2m kh\u00ed🌬️,FML,10627,2681
EBI,WWW,10627,2656
🌸 tomi 🌸,KOR,10624,2654
Hino\u7389⭐,WWW,10627,2614
HyunJiahhh,KOR,10624,2580
Orthos,WWW,10627,2552
JzTeppiz,WWW,10627,2552
IsSky,WWW,10627,2518
단아_2 chữ N,BDA,10632,2484
Hwang Yu,KOR,10623,2484
VOIDX MaX,WWW,10626,2484
AK47,BDA,10632,2484
동차,KOR,10623,2484
솜사탕 🍬,BDA,10631,2482
내리막에서 일어서다,KOR,10624,2440
지로 JIRO,BDA,10631,2415
찐빵_JB,BDA,10632,2415
Peacemaker,KOR,10623,2413
태양_Truzgg,BDA,10632,2380
Haru,KOR,10624,2346
Alex01,KOR,10623,2346
薩比斯,WWW,10627,2345
🌈현수수 🌽,BDA,10632,2344
천년호수,BDA,10631,2311
육삼이_632,BDA,10632,2307
\u0110en \u261d,FML,10627,2289
데몬,KOR,10623,2254
Ryan,WWW,10626,2242
cttc,KOR,10624,2208
Kochanek96,WWW,10627,2206
again,KOR,10623,2181
Ti\u1ec3u Min,WWW,10627,2157
DK,BDA,10632,2139
ヘリオスATHX,WWW,10627,2139
_MrC\u1ea3nh_,FML,10627,2139
종이인형,KOR,10623,2123
🌈GOLD뿔 🫐,BDA,10632,2070
Logan,BDA,10632,2066
K\u1ecbt Holder,FML,10627,2027
Con m\u1ee3 NPH,FML,10627,2001
_jimmy_,FML,10627,2001
jonsit,FML,10627,2001
타샤_Tasha,BDA,10632,1965
작두도사,KOR,10623,1897
파워곰탱,BDA,10631,1897
크로롱,KOR,10624,1863
도비빅_Doby,BDA,10632,1863
*R*,FML,10626,1863
\u0110\u1ee9c baby,FML,10627,1861
CHIC,KOR,10624,1828
인터쉽,KOR,10623,1826
D\u00e1h Cherry,WWW,10626,1798
Deeju,WWW,10627,1779
Feng Feng,KOR,10623,1747
Busan진구,KOR,10623,1724
Detour,FML,10626,1700
🐈🐈🐈,FML,10627,1695
🍀Iris,WWW,10627,1621
봉지야밥먹자,KOR,10624,1620
어이쿠 Koo,BDA,10632,1564
🐶,FML,10627,1554
🪷Jessy🪷,WWW,10627,1552
tomatoto,KOR,10623,1550
휘야짱,KOR,10624,1549
GummyBear,KOR,10623,1548
Saigon,BDA,10631,1518
Brex Ng,FML,10627,1449
adu e chip,FML,10627,1449
LuLu,FML,10627,1448
처음처럼♡,KOR,10623,1380
꾸,KOR,10624,1379
SongNg\u01b0🐋,FML,10627,1372
Shanks,BDA,10632,1310
Carlos ☠️🔲,FML,10626,1295
Yazue,FML,10627,1206
돼지인형,KOR,10623,1206
마유_MAYU💜,BDA,10631,1204
Imposible,FML,10627,1200
Hoho,FML,10627,1175
อ장_Jangβ,BDA,10632,1173
March CG,KOR,10623,1104
winny,FML,10627,1050
Meo Meo 🐈,FML,10627,1035
TW_Allen,WWW,10627,1035
우 라,KOR,10624,1032
noname,FML,10627,1000
Chinh,FML,10627,966
Queen 🫐,BDA,10632,931
An Nhi\u00ean,KOR,10624,861
nonameee,FML,10627,850
🦖Dino🦖,FML,10627,828
SAINT,BDA,10631,759
Candy,BDA,10632,759
Atrey,BDA,10632,758
_jeremy_,FML,10627,750
neko🔲🐾,WWW,10627,724
Ver 2,FML,10627,719
✨l\u00e1o xinh✨,FML,10627,719
H\u00c8\u00ae0,FML,10627,690
통신단,BDA,10632,690
木下藤吉郎,WWW,10627,690
SoFi,KOR,10624,689
M\u1ea1nh To\u00e0n,KOR,10624,654
T\u00f4 r\u00f4 🐃,FML,10627,654
6 🐈,FML,10627,600
__C\u1ea2NH__,FML,10627,517
Lol,FML,10627,450
Mee 🐋,KOR,10624,414
슈퍼맨,KOR,10624,380
☕🌿༄xu\u2079\u1d49,KOR,10623,345
Ticket,KOR,10624,345
Hihi,FML,10627,345
Lesley,FML,10627,345
\u6230,WWW,10627,344
M\u00edt,FML,10627,336
ωιιииу\u1d49〰,FML,10627,327
B\u00f2 l\u00e1 l\u1ed1t,FML,10626,309
nonamee,FML,10627,300
Kcat 💜,WWW,10627,207
DakPhuc,FML,10626,172
Dung Dino,FML,10627,108
