맛돼지_Pig,BDA,10632,50081
Lory,WWW,10626,49818
타룬_Tarun,BDA,10631,49802
MinnyMinny,WWW,10627,48806
신세계,BDA,10632,47965
Savanah 😼,BDA,10631,47701
짬뽕취향🍬💜,BDA,10631,46735
BTS,BDA,10631,46616
____SIMBÃ🦁,WWW,10626,46570
✣✧DORAYME✧,WWW,10627,46529
ⓔⓜ삼구오구3959Ⓢ,BDA,10632,45919
ʚ⍢ⓃⒶⒸⒽⓄ,BDA,10631,45861
ⓘⓢⓢⓤⓔ,BDA,10632,45517
Vermouth,KOR,10624,45365
Yamato,WWW,10627,45274
선결,BDA,10632,45091
Fox Lowkey,WWW,10626,44664
크크큭_kkkk,BDA,10632,44504
DEVIL,BDA,10632,44493
WaBi,BDA,10632,43976
V,WWW,10626,43723
痞痞,WWW,10627,43665
붕붕_BoOng,BDA,10632,43539
AK47,BDA,10632,43539
TM,VNT,10621,43378
ʚMiu Miuɞ,WWW,10626,43044
Ari,BDA,10632,42905
Lão Đại,VNT,10622,42757
LBT,VNT,10621,42435
ʚ小太陽ɞ,WWW,10627,42297
부밋_Boomit,BDA,10631,42067
앙증 악마😈,BDA,10632,41893
Vũ84,WWW,10627,41813
이얍_Yah,BDA,10631,41433
ksdja,VNT,10621,41124
Minhleeeeeee,VNT,10622,40710
CHU 🕊️,BDA,10632,40296
🌈SSing,BDA,10632,40158
RJ slime🔥,BDA,10632,40158
Pork Belly,WWW,10627,39984
阿弦,WWW,10626,39942
도비빅_Doby,BDA,10632,39583
Anubis,KOR,10624,39117
Kent,KOR,10624,38916
Hoshi,KOR,10624,38433
🍀홍구마🍠,BDA,10632,38099
악동_Dash,BDA,10632,37890
Bao,BDA,10632,37536
礦泉水,WWW,10626,37362
👀Ver Cận,WWW,10626,36754
🐒Khi Mập,WWW,10626,36703
LAM,KOR,10624,36568
• Saint •,WWW,10626,35973
ⓔⓜKolliʚ↝,BDA,10631,35433
🌱싹난형감자🥔,BDA,10632,35213
청월_Blue,BDA,10632,35052
이로도리,BDA,10631,34964
T✰ʚ⍤K⍡,WWW,10626,34843
MÕ,VNT,10621,33844
사랑이란멜로는없어,BDA,10631,33829
SơnKaka,VNT,10621,33327
대무신왕,KOR,10624,32617
阿貓,WWW,10626,32391
Lêu Lêu 🐦,WWW,10627,32154
Ares,KOR,10623,32085
Jennie 🔥,WWW,10626,31920
MAS,VNT,10622,31809
Kutsuru,WWW,10626,31786
Shen,WWW,10627,31392
맥꼬날드🍟,BDA,10632,31279
딸기주스_berry,BDA,10632,31211
마음의검,BDA,10631,31188
單戈,WWW,10627,31014
NeymarJR,WWW,10627,30919
AnhTuấn,WWW,10627,30699
ⓔⓜJayJayⓈ,BDA,10632,29725
khéo bánh,WWW,10627,29601
🔊,WWW,10627,29425
EBI,WWW,10627,29424
소금크로와상,BDA,10632,29373
수박이,KOR,10623,29353
트이,BDA,10632,29116
薩比斯™,WWW,10627,29111
Maybach,WWW,10627,29110
🌈어쩔식빵🧊,BDA,10632,28918
MaryMòMéo,WWW,10626,28842
ʚωιιυу↝,WWW,10627,28842
흔라이🔎,BDA,10632,28680
⬜︎ ೃ༄小柳༼࿐ ⬜︎,WWW,10627,28316
Ditto 💥,KOR,10624,28197
🌸Miu🌸,BDA,10632,27945
March CG,KOR,10623,27887
ʚ장_Jangɞ,BDA,10632,27634
Hà Kute👀,WWW,10626,27624
SonG🎱ku77,WWW,10626,27486
_king_,VNT,10622,27323
백정,KOR,10623,27220
JzTeppiz,WWW,10627,26835
The Light,VNT,10622,26811
Emmi,WWW,10626,26699
devil,WWW,10627,26664
ONE,KOR,10623,26556
SHABUZAC,BDA,10632,26497
🌸tomi🌸,KOR,10624,26456
Chick🌸,WWW,10627,26149
ĐặcKhu 73,VNT,10622,26146
Danielferr,BDA,10631,26069
Busan진구,KOR,10623,25760
Ajay Dani,WWW,10626,25579
SAIMING🍃,WWW,10626,25518
짬뽕_마왕👼,BDA,10631,25356
웅이 YE,KOR,10624,25322
希希,WWW,10627,25230
Tùn Cherry,WWW,10626,25198
DoDo,BDA,10632,25150
lsky,WWW,10627,24629
💜Kana💜,WWW,10627,24466
럭비마왕,BDA,10632,24281
Danh,VNT,10622,24219
TTA KIWI,VNT,10622,24150
TYM3R,WWW,10627,24090
何必問,WWW,10626,24032
DK,KOR,10624,23828
Lãnh Chúa_p6P,VNT,10622,23671
Pelican,WWW,10626,23621
Tiếp bước,WWW,10626,23592
웨일,BDA,10631,23441
ⓔⓜALD1Ⓢ,BDA,10632,23332
💜CHiiP💜,VNT,10622,23322
🐴랑 카우🐮,BDA,10632,23311
데몬,KOR,10623,23230
🍀Iris,WWW,10627,23195
Iphi 🫒,WWW,10626,23113
RomG,KOR,10624,23092
木下藤吉郎,WWW,10627,23080
3 Bích ♠︎,WWW,10626,22977
Ɖâʋ,KOR,10624,22975
인터쉽,KOR,10623,22930
neko 🄫🐾,WWW,10627,22590
크로롱,KOR,10624,22211
ishizuku,KOR,10623,21856
💜かすん💜🍓,WWW,10626,21597
Kochanka96,WWW,10627,21555
Tôm xù 🍤,WWW,10627,21249
태양_Truzgg,BDA,10632,21203
Bì Bầu Bí,WWW,10626,20927
더반,KOR,10623,20489
Beer ⬜︎,WWW,10626,20424
짱규님,KOR,10623,20419
Bluebeard,VNT,10622,20391
Spirit,WWW,10626,20352
Sei,VNT,10621,20348
Bigas,BDA,10632,20286
BinzKa,WWW,10626,20079
Dog_Cu,BDA,10631,19998
Sophia 🌻,WWW,10627,19993
Tiểu Min,WWW,10627,19773
Joe 🐰,KOR,10623,19665
유월,BDA,10631,19596
Kochanek96,WWW,10627,19556
Gioggio99,WWW,10627,19524
Ryu,WWW,10627,19383
TitanPanda,KOR,10624,19313
PDH888,WWW,10627,18899
X∧N DΞR,WWW,10626,18822
MH,WWW,10627,18769
아림승주,BDA,10632,18693
Jollibee🐝,WWW,10626,18630
SOM,KOR,10623,18561
Haru,KOR,10624,18523
ヘリオスATHX,WWW,10627,18522
Hino玉☆,WWW,10627,18490
cttc,KOR,10624,18346
Candy,KOR,10623,18216
파워곰탱,BDA,10631,18202
Trinity+⬜︎,KOR,10624,18197
꺼꺼,BDA,10631,18002
sinfulsuru,WWW,10626,17974
Bé Tuyên,VNT,10621,17869
알레리카🫑,BDA,10632,17831
Deeju,WWW,10627,17798
V0iDX_MaX,WWW,10626,17713
노는놈,KOR,10624,17693
小咩咩,WWW,10627,17684
동차,KOR,10623,17661
Changg,VNT,10622,17515
🌈GOLD풀🫐,BDA,10632,17418
Puff,BDA,10632,17388
Chao,VNT,10621,17382
Dior ✨,WWW,10626,17319
Luna,WWW,10626,17283
🐰娜娜奇WWW,WWW,10627,17279
TRÀ 🍋,WWW,10626,17247
🌈현수수🌽,BDA,10632,17212
TW_Allen,WWW,10627,17211
Dáh Cherry,WWW,10626,17192
TienDo,VNT,10621,17190
🌷Jessy🌷,WWW,10627,17142
xekojimmy,WWW,10626,17140
옆집아재,KOR,10623,17112
자하HAHA,BDA,10632,17089
猛獸,KOR,10623,17052
Mamutto,WWW,10626,16953
Ninh An,WWW,10626,16952
Ryan,WWW,10626,16905
Huai 懷,WWW,10627,16904
Saigon,BDA,10631,16836
찐배_JB,KOR,10624,16698
DP⬜︎,KOR,10624,16629
🍪호두과자🔵,BDA,10632,16553
Lão Nướng,VNT,10622,16353
xSky,WWW,10626,16295
Thaisonmt,VNT,10621,16110
🌈Macos,VNT,10621,16075
Ant,WWW,10626,16008
Hwang Yu,KOR,10623,16005
Mr Simple,VNT,10622,15939
타샤_Tasha,BDA,10632,15923
Gao,VNT,10622,15628
isewon,KOR,10624,15536
Xíu xíu,VNT,10622,15493
Lão Bát,VNT,10622,15492
XiaoKai,KOR,10624,15377
🍻heniken,VNT,10622,15317
An Nhiên,KOR,10624,15316
짬뽕_움돈🦤,BDA,10631,15095
Lão Tử,VNT,10622,15066
SAINT,BDA,10631,15041
ROKMC,KOR,10623,14983
Orthos,WWW,10627,14932
XIA 에겐밤🔵,BDA,10632,14903
아앤 사랑_N,BDA,10632,14671
🐦꿍따콩🥜,BDA,10632,14580
Cecilia,VNT,10621,14456
🔥효녀카도🥑,BDA,10632,14420
오리탕후루,BDA,10632,14178
🍀Anna🍀,KOR,10623,13971
그루 GR,KOR,10624,13798
Bongbong K,KOR,10623,13731
미숫가루 Tea,BDA,10632,13723
❄️Macos❄️,VNT,10621,13591
독거남,BDA,10632,13573
_Lev,BDA,10632,13372
Giang12,BDA,10631,13357
TJ,KOR,10624,13176
처음처럼♡,KOR,10623,13106
РЯӨРΉΣΣТ,KOR,10624,13067
슈,KOR,10624,13035
Thiên Vũ,VNT,10621,13000
Macos,VNT,10621,12974
Format,WWW,10627,12854
Sóc,VNT,10621,12834
어이쿠 Koo,BDA,10632,12820
Peacemaker,KOR,10623,12648
구름에갇힌달,BDA,10631,12557
로나_Lona,BDA,10632,12480
SOJU🍶,BDA,10632,12449
Cà Rốt,VNT,10621,11961
Hì Twinkle,VNT,10622,11454
Jonvely´ㅠ`,KOR,10623,11385
Faker,BDA,10632,11281
Ryup,KOR,10624,11099
작두도사,KOR,10623,11040
tomatoto,KOR,10623,10789
김단아,BDA,10632,10759
Táo Đỏ,VNT,10622,10729
Shanks,KOR,10624,10716
yulzjr,KOR,10624,10706
💜Kcat💜,WWW,10627,10446
306,VNT,10621,10419
자바리파커,KOR,10623,10355
내리막에서 일어서다,KOR,10624,10192
Ngân Ngân,VNT,10621,10175
rocker🎸초리,BDA,10632,10073
C0W,VNT,10621,9936
Bé Vy,VNT,10622,9873
천년호수,BDA,10631,9865
Chè Đậu ĐỎ,VNT,10622,9859
Anh Kiet,VNT,10622,9807
mimi,KOR,10624,9789
Rùa 🐢,VNT,10621,9694
Mee 🐳,KOR,10624,9520
Bò,VNT,10621,9486
Mr Bốp,VNT,10622,9453
FlashLogan,BDA,10632,9404
Lão Lực,VNT,10622,9184
라이사냥,BDA,10631,9169
Reym,VNT,10622,9163
통신단,BDA,10632,9137
우 라,KOR,10624,9085
지로 JIRO,BDA,10631,9050
ldk6,VNT,10621,8763
again,KOR,10623,8493
시시실,KOR,10624,8396
이티_ET,BDA,10631,8241
GummyBear,KOR,10623,8088
PhởTáiGầu,VNT,10622,7935
종이인형,KOR,10623,7843
COCO,BDA,10632,7613
Lychnobite,KOR,10624,7581
TigerBạc,VNT,10622,7452
Chrollo,KOR,10624,7382
_St0rM_,VNT,10622,7308
봉지야밥먹자,KOR,10624,7237
Suzuki,KOR,10623,7206
Thiếu,VNT,10622,7140
육삼이_632,BDA,10632,7092
휘야쨩,KOR,10624,7059
Hunter,VNT,10622,7057
추브으리_choov,BDA,10632,6894
애옹_aeong,BDA,10632,6377
꾸,KOR,10624,6354
돼지인형,KOR,10623,6215
Thạch hầu,VNT,10622,6150
HunterX,KOR,10624,6079
Nem,VNT,10622,6060
Ma Quân,VNT,10621,5658
하늘보리,BDA,10632,5620
Nacy ✨,VNT,10621,5481
SoFi,KOR,10624,5377
ODIN,KOR,10623,5311
Đăng ⚛️,VNT,10621,5240
Queen 🫐,BDA,10632,5166
Happy1,VNT,10622,4723
RʚX SтαR↝,VNT,10621,4710
Rồng PY,KOR,10624,4552
MieMie,KOR,10624,3793
NOEUL,KOR,10623,3620
슈퍼맨,KOR,10624,3101
CAPTAIN_H,BDA,10632,2753
Sunny ☀,KOR,10624,2351
jjhhw06,VNT,10621,2236
Petualang_r4K2,VNT,10622,1872
Lâm Lee,VNT,10622,1860
쪼아,KOR,10623,1662
맥구,KOR,10624,1379
Muse,KOR,10623,975
영주_S7l9W,VNT,10622,900
꼬깃,KOR,10623,793
xedocualam,VNT,10622,414
