Rãnh 🪻 Ran,TOP,10629,62269434
MinnyMinny,WWW,10627,46175700
___SIMBÃ🦁,WWW,10626,45470468
何必問,WWW,10626,42745067
헬렌 Helen,TOP,10630,40968324
루아리 Luari,TOP,10629,34274307
Lory,WWW,10626,33637295
Lukka,TOP,10629,28418131
YaYa🪷,TOP,10629,27273945
Butter Bun,TOP,10630,25799180
FF💧👊,TOP,10629,24213685
Pelican,WWW,10626,22991243
Yamato,WWW,10627,22082803
Lie,TOP,10630,22011268
🌬️Ares🕊️,TOP,10629,21978876
Ghibli,TOP,10629,21786463
IIIIrrrrrr,TOP,10629,21486324
Hot dog,TOP,10630,20853754
데이 Day,TOP,10629,20210183
JV,WWW,10626,19475240
백수,TOP,10629,19278250
Thanh y,TOP,10630,18562877
Dior ✨,WWW,10626,18535055
VOIDX MaX,WWW,10626,17974744
짱하고해뜰날,TOP,10629,17541878
Miu🎀,WWW,10626,17475220
Sophia🌻,WWW,10627,17095977
Sg•ToKuDa,TOP,10629,17036344
Lunari,TOP,10629,16518804
Jollibee🦄,WWW,10626,16324562
MaryMòMéo,WWW,10626,15914015
Pork Belly,WWW,10627,15891180
브란테,TOP,10630,15365838
망나니 mang,TOP,10629,14704423
Hino玉☆,WWW,10627,14502069
23👆,TOP,10630,14462457
DORAYME,WWW,10627,14338235
Ruan Kimi,TOP,10630,14239851
BoB🎈,TOP,10629,14067143
sky,WWW,10627,13983001
Hà Kute⛓️,WWW,10626,13814154
테슬라,TOP,10630,13525630
Oakzapata,TOP,10630,13103966
AnhTuấn,WWW,10627,12873366
Evil Son,WWW,10627,12639995
Stara,TOP,10630,12429627
Cạp con,TOP,10629,12323132
나카무라,TOP,10629,12206351
EBI,WWW,10627,12065596
jTYM3R,WWW,10627,11799418
shank one,TOP,10630,11396443
윤윤 YY,TOP,10629,11162654
阿貓,WWW,10626,11161899
BinzKa,WWW,10626,11147760
겨울 Winter,TOP,10629,11134498
Jayce,TOP,10629,11124578
Hạo🫐,WWW,10626,10835958
Tūn Cherry,WWW,10626,10777526
Ssun,TOP,10629,10699219
Jennie🔥,WWW,10626,10260468
Spirit,WWW,10626,10110789
Dáh Cherry,WWW,10626,9992040
드래곤,TOP,10629,9698248
🪓mute🔉,WWW,10627,9469018
SAIMING🍃,WWW,10626,9456369
🪷Jessy🪷,WWW,10627,9415574
Faker,TOP,10629,9350476
Tiếp bước,WWW,10626,9323182
씨아럽,TOP,10629,9192021
Black,TOP,10629,8854527
Beer⬜,WWW,10626,8587416
Regista,TOP,10629,8513546
💜Kana💜,WWW,10627,8337825
덕 Duck🦆,TOP,10629,8303960
🐒Khỉ Mập,WWW,10626,8267912
세이라 SEIRA,TOP,10629,8172162
Angie💜,TOP,10630,8156574
Mc Donald,WWW,10626,8074371
Ninh An,WWW,10626,7951670
阿玹,WWW,10626,7947927
meiko_G,TOP,10630,7891086
Deeeju,WWW,10627,7788087
👀👀👀,TOP,10629,7785115
몽🐾,TOP,10630,7743438
xSky,WWW,10626,7565889
1000냥,TOP,10630,7546169
H,TOP,10630,7398528
Ung🌈철웅,TOP,10630,7310414
• Saint •,WWW,10626,7266268
PDH888,WWW,10627,7107614
Beequeen👑,WWW,10627,7078608
minmin2020,TOP,10629,7071568
Văn Minh,WWW,10627,6955198
磺泉水,WWW,10626,6949632
Format,WWW,10627,6687956
만취🍺털보,TOP,10630,6547332
Luna,WWW,10626,6386989
바다,TOP,10629,6294183
3 Bích♠️,WWW,10626,5973736
Jiaz,TOP,10630,5916806
Rocky,TOP,10630,5801558
Julie,TOP,10630,5729052
메리 Lành,TOP,10630,5509145
Vũ84,WWW,10627,5486026
나눔 Nanoom,TOP,10629,5173149
💜かすみ💜🫐,WWW,10626,5124225
송송다,TOP,10629,5084366
Mây,WWW,10626,4969755
믹스 Mix,TOP,10629,4918142
phi🫒,WWW,10626,4823956
哆啦A夢,TOP,10630,4776876
Hải🌽,WWW,10626,4764752
samssong,TOP,10629,4680340
👀•Ver Cận,WWW,10626,4674841
ヘリオスATHX,WWW,10627,4630700
Shen,WWW,10627,4532551
Tiểu Min,WWW,10627,4350405
VôMinh,TOP,10630,4230494
Ryu,WWW,10627,4226582
Peekaboo,TOP,10629,4180081
✨Mashi🎶,TOP,10629,4053092
Bé XuânMai,WWW,10627,3926087
⬜️Rụt Rè,TOP,10630,3864393
皮皮寅虎,TOP,10630,3851240
잔다_Jandark,TOP,10630,3816115
JIYANG,TOP,10630,3802871
chacha,TOP,10629,3736034
Kcat💜,WWW,10627,3674749
무쌍,TOP,10630,3633982
G7x0w,TOP,10629,3619674
XANDER,WWW,10626,3485681
zTeppiz,WWW,10627,3476953
Sotu,TOP,10629,3441839
khéo bánh,WWW,10627,3400211
Gioggio99,WWW,10627,3382536
lucete,TOP,10629,3381558
😼MeoMeo😼,TOP,10629,3193321
사상,TOP,10629,3172443
Ant,WWW,10626,3122076
希希,WWW,10627,3045241
Maybach,WWW,10627,2924177
Tôm xù 🍤,WWW,10627,2885883
두아름,TOP,10629,2881775
lord farqu,TOP,10629,2818158
총이,TOP,10630,2809542
Silver🐾🐾,TOP,10629,2697258
Tomato🔵,WWW,10626,2675721
TRÀ🫒,WWW,10626,2554475
T⋆Aఌ⋆KA,WWW,10626,2522801
YUKI,TOP,10630,2498822
KSHunter,TOP,10630,2493226
아하🌸,TOP,10630,2400464
Kutsuru,WWW,10626,2379590
kiwi🥝,WWW,10626,2323789
sinfulsuru,WWW,10626,2316762
窮到濃,WWW,10626,2260715
사이다,TOP,10630,2198254
저주,TOP,10630,2173595
Mamutto,WWW,10626,2153281
Emmi,WWW,10626,2086010
RyanNguyen,WWW,10627,2053054
Heo mọi,WWW,10627,2031180
Avocado🥑,WWW,10626,2021788
Lêu Lêu🐣,WWW,10627,1969529
MH,WWW,10627,1960625
리차드,TOP,10630,1956884
cáoKhờKhạo,WWW,10626,1866124
Orthos,WWW,10627,1849420
ωυииу,WWW,10627,1788418
처리,TOP,10630,1781537
Bí Bầu Bí,WWW,10626,1723310
Hiếu💙VN,WWW,10627,1668463
Lord SFTL,TOP,10629,1620547
소,TOP,10630,1603250
비연,TOP,10629,1602463
xekojimmy,WWW,10626,1585811
Linh,TOP,10629,1561230
Khỉ ăn🔵,WWW,10626,1294893
