___SIMBÃ🦁,WWW,10626,28782915
Fox Lowkey,WWW,10626,23165994
Hoshi,KOR,10624,17849494
Ditto❇️,KOR,10624,12738984
Yamato,WWW,10627,12380428
크로롱,KOR,10624,11411181
阿弦,WWW,10626,10964161
Iron Druid,KOR,10624,9889824
⦿Ver Cận,WWW,10626,9474602
V,WWW,10626,9181558
痞痞,WWW,10627,9136651
Bongbong K,KOR,10623,9130413
SOM,KOR,10623,9084441
IDK,KOR,10624,8969136
❇️•DØRAYM€•,WWW,10627,8845278
Chick💮,WWW,10627,8811288
Lory,WWW,10626,8425117
РЯӨР´ΗΣΤ,KOR,10624,8242722
Tūn Cherry,WWW,10626,8167614
Ares,KOR,10623,7819257
수박이,KOR,10623,7606787
ρωωииу,WWW,10627,7531835
March CG,KOR,10623,7484349
MinnyMinny,WWW,10627,7442498
Onvelyý,KOR,10623,7343771
Kochanek96,WWW,10627,7336541
Mee💰,KOR,10624,7311074
Jennie🔥,WWW,10626,7255808
ʚMiu Miuɞ,WWW,10626,7236078
戰,WWW,10627,7058602
薩比斯™,WWW,10627,7042150
Isewon,KOR,10624,6957989
Anubis,KOR,10624,6769943
대무신왕,KOR,10624,6599744
Kochanka96,WWW,10627,6526998
🌸tomi🌸,KOR,10624,6520486
MaryMòMéo,WWW,10626,6511825
AnhTuấn,WWW,10627,6510195
ONE,KOR,10623,6446954
Pelican,WWW,10626,6421554
Kutsuru,WWW,10626,6395677
Busan진구,KOR,10623,6345479
🍀Iris,WWW,10627,6333195
짱규님,KOR,10623,6193033
BinzKa,WWW,10626,6125865
Vermouth,KOR,10624,6019670
neko❑🐾,WWW,10627,5737250
Vu84,WWW,10627,5686324
devil,WWW,10627,5682061
Hino玉☆,WWW,10627,5429135
阿貓,WWW,10626,5413740
처음처럼♡,KOR,10623,5349284
찐배_JB,KOR,10624,5334280
🥍,WWW,10627,5317582
백정,KOR,10623,5317003
sky,WWW,10627,5316668
Beer❑,WWW,10626,5243775
Ishizuku,KOR,10623,5193234
슈,KOR,10624,5184105
PDH888,WWW,10627,5166860
Ant,WWW,10626,5138686
RomG,KOR,10624,5116693
SAIMING🌿,WWW,10626,5050981
Peacemaker,KOR,10623,4788251
TYM3R,WWW,10627,4610274
Kent,KOR,10624,4582419
•Saint•,WWW,10626,4568240
❑༄༉小柳༄༉❑,WWW,10627,4465829
Joe🐰,KOR,10623,4136609
Jollibee🐝,WWW,10626,4106165
Deeju,WWW,10627,4064002
Pork Belly,WWW,10627,4050543
우 라,KOR,10624,3971738
HunterX,KOR,10624,3948786
希希,WWW,10627,3942214
JSSOM,KOR,10623,3901076
zTeppiz,WWW,10627,3874243
Sophia🪷,WWW,10627,3862480
동차,KOR,10623,3796591
리리RIRI,KOR,10624,3788220
웅이 YE,KOR,10624,3775586
Haru,KOR,10624,3694051
노는놈,KOR,10624,3638175
礦泉水,WWW,10626,3632949
猛獸,KOR,10623,3563994
Hà Kute⛓️‍,WWW,10626,3557514
again,KOR,10623,3524505
Ninh An,WWW,10626,3505599
뀨,KOR,10624,3480435
Candy,KOR,10623,3397701
🐰娜娜奇WWW,WWW,10627,3395559
木下吉郎,WWW,10627,3369732
Spirit,WWW,10626,3369301
Tiểu Min,WWW,10627,3337788
Bì Bầu Bí,WWW,10626,3294024
An Nhiên,KOR,10624,3293308
tomatoto,KOR,10623,3270177
Dior✨,WWW,10626,3251522
내리막에서 일어서다,KOR,10624,3197480
ʚ小太陽ɞ,WWW,10627,3187823
Ryan,WWW,10626,3186876
MH,WWW,10627,3131702
NeymarJR,WWW,10627,3115967
작두도사,KOR,10623,3057165
EBI,WWW,10627,3050434
데몬,KOR,10623,3010021
Chrollo,KOR,10624,2972200
TitanPanda,KOR,10624,2949714
Gioggio99,WWW,10627,2892461
Dáh Cherry,WWW,10626,2875483
🐒Khỉ Mập,WWW,10626,2873951
Emmi,WWW,10626,2824103
XΛNƉER,WWW,10626,2748145
Tôm xù🍤,WWW,10627,2645148
Suzuki,KOR,10623,2632803
phi🫒,WWW,10626,2621274
Lychnobite,KOR,10624,2496251
Lêu Lêu🐣,WWW,10627,2491483
yulzir,KOR,10624,2363943
💜かすん💜🫐,WWW,10626,2345933
3 Bích♠️❑,WWW,10626,2265594
그루 GR,KOR,10624,2255047
Ryup,KOR,10624,2254330
SonG🎱ku77,WWW,10626,2219569
Kcat💜,WWW,10627,2184248
Đầu,KOR,10624,2171861
mimi,KOR,10624,2147227
인터쉽,KOR,10623,2118202
휘야쨩,KOR,10624,2108807
더반,KOR,10623,2094001
Hwang Yu,KOR,10623,2084366
Luna,WWW,10626,1993963
小咩咩,WWW,10627,1989844
Shen,WWW,10627,1937219
쪼아,KOR,10623,1925057
GummyBear,KOR,10623,1892169
🍀Anna🍀,KOR,10623,1880654
LAM,KOR,10624,1875794
何必問,WWW,10626,1870051
xekojimmy,WWW,10626,1868706
Trinity†❑,KOR,10624,1829084
khéo bánh,WWW,10627,1816924
Huai懐,WWW,10627,1814453
Mamutto,WWW,10626,1810542
TRÀ🫒,WWW,10626,1809902
VØIƉχMaX,WWW,10626,1809141
Orthos,WWW,10627,1805440
Shanks,KOR,10624,1802101
슈퍼맨,KOR,10624,1797743
ヘリオスATHX,WWW,10627,1717100
sinfulsuru,WWW,10626,1680752
🍜🌿xùᕦ,KOR,10623,1677933
🪷Jessy🪷,WWW,10627,1676770
TJ,KOR,10624,1671495
Format,WWW,10627,1659632
ROKMC,KOR,10623,1653633
Tiếp bước,WWW,10626,1650538
DP🔽,KOR,10624,1615408
💜Kana💜,WWW,10627,1602703
시시실,KOR,10624,1597362
TW_Allen,WWW,10627,1561369
돼지인형,KOR,10623,1487784
옆집아재,KOR,10623,1421707
Maybach,WWW,10627,1375396
Ryu,WWW,10627,1320260
cttc,KOR,10624,1245536
자바리파커,KOR,10623,1233860
SoFi,KOR,10624,1160388
T•Ꭺ༄•KA,WWW,10626,1135543
봉지아밥먹자,KOR,10624,1118730
Ajay Dani,WWW,10626,1090361
종이인형,KOR,10623,600231
Sunny☀️,KOR,10624,576842
Muse,KOR,10623,182739
xSky,WWW,10626,122352
맥구,KOR,10624,59390
꼬깃,KOR,10623,54623
Rồng PY,KOR,10624,2357
MieMie,KOR,10624,73
