ALD1,BDA,10632,21871
타룬_Tarun,BDA,10631,21826
ⓔ灬Vaelorᵠ,ACE,10625,21216
MinnyMinny,WWW,10627,20825
Hoshi,KOR,10624,20818
EngBshor,TMT,10621,20756
신세계,BDA,10632,20755
Legaleyes,ACE,10628,20692
ⓔ灬헬렌 Helenᵠ,TOP,10630,20595
BTS,BDA,10631,20372
Vile1,VnG,10631,20357
Vô Diện ❤,VNW,10623,20341
Ari,BDA,10632,20335
sewon,KOR,10624,20154
🍀홍구마 🪠,BDA,10632,20153
앙증 악마 😈,BDA,10632,20126
ⓔ灬JayJayᵠ,BDA,10632,20057
네야,INT,10628,20023
Savanah 😼,BDA,10631,20017
맛돼지_Pig,BDA,10632,20012
Yamato,WWW,10627,19998
ⓔ灬루아리Luariᵠ,TOP,10629,19979
___SIMBÃ 🥶,WWW,10626,19974
ⓔ灬Julieᵠ,TOP,10630,19970
痞痞,WWW,10627,19969
뿡뿡이,INT,10628,19957
ⓔ灬Camiᵠ,WAF,10630,19945
나까무라,TOP,10629,19929
ⓔ灬たぬきᵠ,PxT,10629,19921
Pelican,WWW,10626,19685
ⓔ灬믹스 Mixᵠ,TOP,10629,19633
ArcDevil,BDA,10632,19631
수박이,KOR,10623,19628
Turtle_거북왕,INT,10628,19578
ⓔ灬세바리ᵠ,PEA,10630,19549
vodka,BAM,10621,19519
크크큭_kkkk,BDA,10632,19501
Reaper😈,ACE,10628,19484
①⑦⓪④,VnG,10631,19445
ᎧᵠN⃝A⃝C⃝H⃝O⃝,VnG,10631,19376
🩹상처낸감자 🫐,BDA,10632,19375
Pantheon,404,10631,19345
미숫가루 Tea,BDA,10632,19341
문피아,INT,10628,19337
지로 JIRO,BDA,10631,19285
Chiz0,OPP,10625,19242
DyRAGEmode,KOR,10623,19215
선결,BDA,10632,19193
Cpt Levi 👄,BAM,10621,19169
태양_Truzgg,BDA,10632,19155
Suzuki,KOR,10623,19137
Jonvely´´ᵠ,KOR,10623,19099
Econavi,OMO,10624,19057
HG집순이,ACE,10628,19049
I S S U E,BDA,10632,19028
rocker🎸쵸리,BDA,10632,19026
CHACHA 🍬❤,VnG,10631,19016
Zman,BAM,10621,18975
Angie 💜,TOP,10630,18892
하늘봐라,BDG,10631,18876
薩比斯™,WWW,10627,18812
ハタボー,Udn,10621,18805
ShiBi,VnG,10632,18770
sky,WWW,10627,18753
Jam,OPP,10625,18753
SAKURA,LFW,10632,18741
자하HAHA,BDA,10632,18715
붐잇_Boomit,BDA,10631,18598
Sychost,404,10631,18511
レプリカ,4ki,10627,18503
Lie,TOP,10630,18496
ゲルナート,4ki,10627,18495
Mike,SUP,10622,18449
Xue Lin,HAM,10626,18389
TaTa,ibx,10628,18384
Sawawa,OPP,10625,18157
망치_mangchi,ACE,10628,18145
딸기주스_berry,BDA,10632,18116
HIRO,OMO,10624,18109
M 🐶 M,404,10631,18087
TYM3R,WWW,10627,18035
로레로 🎀,LUX,10627,18033
Balvenie40,LUX,10627,17977
Light,404,10632,17899
雪,LFW,10632,17877
不良惡犬•怡吉,ibx,10628,17861
CHU 🕊,VnG,10632,17853
tae_ya7,BDG,10631,17845
Vermouth,KOR,10624,17778
V,WWW,10626,17735
찌아럽,TOP,10629,17638
ⓔ灬철웅ᵠUng🌈,TOP,10630,17633
ⓔ灬태양_sunᵠ,PEA,10630,17615
火舞逍遥,HSF,10629,17601
붕붕_BoOng,BDA,10632,17585
데몬,KOR,10623,17507
작두도사,KOR,10623,17499
のー,xnq,10632,17451
Lory,WWW,10626,17386
にぃ_Nii,VnG,10631,17380
혼라이🔎,BDA,10632,17352
아엔 사랑_N,BDA,10632,17324
DT_SvK,BAM,10621,17201
sunsun,4ki,10626,17195
단아_2 chữ N,BDA,10632,17179
LibbyDoo,MOB,10627,17179
ⓔ灬Tama🐾ᵠ,PxT,10629,17169
POPO,HAM,10626,17167
King_킹,ACE,10625,17164
RomG,KOR,10624,17089
ペルーサ,Blo,10622,17085
ⓔ灬戒盈祈願ᵠ,PEA,10630,17035
유월,BDA,10631,17029
🌈어쩔식빵🧊,BDA,10632,17029
モスチキン,PxT,10629,17008
ⓔ灬나야 ᵠItsME,PEA,10630,16987
Keima,PxT,10630,16943
부엉이,LUX,10626,16935
청 월_Blue,BDA,10632,16885
Mang_망나농최고,INT,10625,16771
dot,PxT,10630,16676
Medusa,SUP,10622,16661
어이쿠 Koo,BDA,10632,16613
Reward,INT,10625,16603
ヘリオスATHX,WWW,10627,16507
CatMint,HSF,10629,16493
Bello22,THC,10623,16489
Epione,SUP,10622,16447
Bongbong K,KOR,10623,16354
Cimorene,BAM,10622,16310
Iron Druid,KOR,10624,16213
again,KOR,10623,16155
Rowdy,404,10631,16123
hoya,EP1,10622,16027
TJ,KOR,10624,16008
迅龍,PxT,10629,15998
Lão Đại,VNT,10622,15970
Chama,ACE,10625,15963
POOKIE,404,10632,15942
何必問,WWW,10626,15919
R Cat빨간고양이,SUP,10621,15890
ヒロリク,OMO,10624,15816
ddaing 땡이,SUP,10622,15777
제마_Jema,ACE,10628,15745
폴리ーpoly,INT,10625,15744
AlucarD,ACE,10628,15738
TM,VNT,10621,15730
파워곰탱,BDA,10631,15712
ズブロック,4ki,10627,15708
Luna Bunny,404,10631,15706
DoDo,BDA,10632,15594
SleepToken,BAM,10621,15589
Alaric,HAM,10627,15543
Fox Lowkey,WWW,10626,15531
대무신왕,KOR,10624,15512
abishii,HAM,10627,15500
Thanhhhhhh,VNW,10624,15468
🌈GOLD꿀 🔵,BDA,10632,15450
Pakuzou 🐘,LUX,10626,15380
ONE,KOR,10623,15347
Xeven,VnG,10631,15314
돼지꿀꿀,INT,10625,15265
백수,TOP,10629,15180
Bogieboy,LAB,10631,15178
ⓔ灬화염🔥털보ᵠ,TOP,10630,15148
WaBi,BDA,10632,15096
C1🌜KA 🔥,VNW,10624,15065
Mee🐳,KOR,10624,15051
🌈현수수 🌽,BDA,10632,15047
Ronmark,ACE,10628,15046
Alb_알브레히트,INT,10625,15039
ぽんた,Blo,10622,15026
esp,VNW,10623,15002
ⓔ灬나는영주다우하ᵠ,PEA,10629,14991
小咩咩,WWW,10627,14966
ⓔ灬Nguyễnᵠ🌸,VnG,10631,14933
주먹쥐고일어서,LUX,10627,14919
ⓔ灬SassyCatᵠ,BAM,10621,14866
ⓔ灬나자 ᵠ🐰,PEA,10630,14860
Anubis,KOR,10624,14763
Queen 🫐,BDA,10632,14755
グソクムシGSK,HOT,10630,14719
Ditto ❇,KOR,10624,14685
Apple pie,HAM,10627,14664
NeedData,GLT,10630,14663
Jennie 🔥,WWW,10626,14661
herb,INT,10628,14638
Taku,OMO,10624,14627
碩泉水,WWW,10626,14595
Kouko,EMB,10626,14545
tapiremo,BAM,10621,14527
악동_Dash,BDA,10632,14518
Lire,ACE,10625,14503
HANNA,BDG,10632,14501
ⓔ灬Tomᵠ,WAF,10630,14500
BaBaNaber,ACE,10625,14415
DK,KOR,10624,14413
MK 보미,ACE,10628,14401
YanYan,4ki,10627,14360
ThanhCơ💛,VNW,10624,14353
大支,LUX,10627,14317
웅이 YE,KOR,10624,14314
ⓔ灬耗子的传说ᵠ,WAF,10630,14302
ⓔ灬chocobeeᵠ,PxT,10629,14281
DiceK,PxT,10630,14277
마부,INT,10625,14254
독거남,BDA,10632,14241
Thành chủ,VnG,10632,14220
✍,WWW,10627,14193
Gioggio99,WWW,10627,14161
몬스터_Mon,INT,10628,14147
싸리갱,LUX,10627,14146
🔲K⃝A⃝N⃝C⃝H⃝O⃝୨୧,VnG,10631,14143
🐦꽁땅콩 🥜,BDA,10632,14141
・Nami,VNW,10624,13966
Sir Fratel,VAL,10624,13959
👑KingMerc,404,10631,13956
12号,4ki,10627,13939
IR8_H3r0,SWF,10628,13883
Fultonizer,OPP,10625,13849
크로롱,KOR,10624,13844
ⓔ灬브라테ᵠ,TOP,10630,13824
BaaBa,THC,10623,13802
우 라,KOR,10624,13797
ⓔ灬짱아🐳ᵠ,LUX,10626,13764
fuuukin,OPP,10628,13759
✕✢D⃝O⃝R⃝A⃝Y⃝M⃝E⃝✢,WWW,10627,13741
Flames,ACE,10628,13736
MiNi,ibx,10628,13717
Lio ちゃん,VnG,10631,13710
HT_💜💎,TOP,10630,13697
mii,LUX,10626,13693
RΘΡ´HΣT,KOR,10624,13671
Ozzboi,LFW,10632,13623
luisusdks,SUP,10621,13593
阿貓,WWW,10626,13491
ⓔ灬Myshᵠ,BAM,10621,13467
백정,KOR,10623,13461
Hung,VNW,10623,13433
ⓔ灬Sv1296ᵠ,WAF,10630,13433
Pooka고양이,ACE,10625,13433
N8,HAM,10627,13431
sokotsu_t1,PJP,10625,13429
Panipani,PxT,10630,13397
Der Held,VnG,10632,13394
겨울 Winter,TOP,10629,13392
Busan진구,KOR,10623,13390
hưng9999,ibx,10628,13380
🍀Iris,WWW,10627,13377
Gatot Kaca,VAL,10624,13356
CALL_MVP,SUP,10622,13337
Ares,KOR,10623,13328
ARB,HOT,10629,13319
donuts🍩또우,EP1,10622,13310
Kasfidan,HOT,10629,13303
ⓔ灬띠리궁사ᵠ,PEA,10630,13295
ⓔ灬드래곤ᵠ,TOP,10629,13287
Aurak,OPP,10628,13282
Alik,TMT,10621,13264
ⓔ灬Pearlᵠ,TOP,10630,13240
Rocky,TOP,10630,13231
potecapu,VNW,10623,13223
ⓔ灬DiệpThuᵠ,WAF,10630,13207
Asmodaeous,INT,10628,13184
💎Quỳnh🌱蓮,SUP,10622,13157
LuKaSz ツ,VnG,10631,13154
Ruan Kimi,TOP,10630,13151
NIKA,HAM,10626,13141
Mi,4ki,10626,13137
❄️MIT🫧,SUP,10621,13119
William 1,INT,10625,13112
Jare,SKY,10624,13090
Ninh An,WWW,10626,13072
Painsomnia,BAM,10621,13071
HagenDaz,HOT,10629,13045
⊂🐇토끼🐇⊃,LUX,10627,13031
노는놈,KOR,10624,13026
Kutsuru,WWW,10626,13019
🔥효녀카도🥑,BDA,10632,13001
🌸tomi🌸,KOR,10624,12996
航海熊,HSF,10629,12969
🔲ʚɞ小柳隼ʚɞ🔲,WWW,10627,12967
masacheru,HAM,10626,12943
ⓔ灬Ssunᵠ,TOP,10629,12914
LBT,VNT,10621,12900
mimi,KOR,10624,12857
Sun_rain,ACE,10625,12857
hitman,GRT,10625,12849
SWANz,HAM,10627,12840
👀Ver Cân,WWW,10626,12834
DeliBaris,SKY,10624,12822
하니꼬우,INT,10628,12810
Ironmarmot,GRT,10625,12801
Danh,VNT,10622,12797
처음처럼♡,KOR,10623,12787
ⓔ灬Baytarᵠ,WAF,10629,12778
ABCDE,VNW,10624,12774
Peekaboo,TOP,10629,12741
Thảo Mai,ACE,10625,12736
QuachCo,OPP,10625,12712
